{
  "model_path": "saved_model_2/bert-base-multilingual-cased",
  "data_path": "data/test.csv",
  "test_size": 3000,
  "evaluation_results": {
    "f1_macro": 0.9058695004985737,
    "f1_micro": 0.9096666666666666,
    "f1_weighted": 0.909651171311238,
    "precision": 0.9107299667122012,
    "recall": 0.9096666666666666,
    "accuracy": 0.9096666666666666
  },
  "per_class_results": {
    "0": {
      "precision": 0.8264984227129337,
      "recall": 0.8733333333333333,
      "f1-score": 0.8492706645056726,
      "support": 600.0
    },
    "1": {
      "precision": 0.949648711943794,
      "recall": 0.9890243902439024,
      "f1-score": 0.9689366786140979,
      "support": 820.0
    },
    "2": {
      "precision": 0.9014423076923077,
      "recall": 0.8823529411764706,
      "f1-score": 0.89179548156956,
      "support": 850.0
    },
    "3": {
      "precision": 0.9470588235294117,
      "recall": 0.8821917808219178,
      "f1-score": 0.9134751773049645,
      "support": 730.0
    },
    "accuracy": 0.9096666666666666,
    "macro avg": {
      "precision": 0.9061620664696117,
      "recall": 0.9067256113939061,
      "f1-score": 0.9058695004985737,
      "support": 3000.0
    },
    "weighted avg": {
      "precision": 0.9107299667122012,
      "recall": 0.9096666666666666,
      "f1-score": 0.909651171311238,
      "support": 3000.0
    }
  }
}