{
  "model_path": "saved_model/bert-base-multilingual-cased",
  "data_path": "data/test.csv",
  "test_size": 3000,
  "evaluation_results": {
    "f1_macro": 0.9413935910689386,
    "f1_micro": 0.9436666666666667,
    "f1_weighted": 0.9435578894534389,
    "precision": 0.9444463292697002,
    "recall": 0.9436666666666667,
    "accuracy": 0.9436666666666667
  },
  "per_class_results": {
    "0": {
      "precision": 0.8899521531100478,
      "recall": 0.93,
      "f1-score": 0.9095354523227384,
      "support": 600.0
    },
    "1": {
      "precision": 0.9566744730679156,
      "recall": 0.9963414634146341,
      "f1-score": 0.97610513739546,
      "support": 820.0
    },
    "2": {
      "precision": 0.9672955974842767,
      "recall": 0.9047058823529411,
      "f1-score": 0.9349544072948328,
      "support": 850.0
    },
    "3": {
      "precision": 0.9488950276243094,
      "recall": 0.9410958904109589,
      "f1-score": 0.9449793672627235,
      "support": 730.0
    },
    "accuracy": 0.9436666666666667,
    "macro avg": {
      "precision": 0.9407043128216374,
      "recall": 0.9430358090446336,
      "f1-score": 0.9413935910689386,
      "support": 3000.0
    },
    "weighted avg": {
      "precision": 0.9444463292697002,
      "recall": 0.9436666666666667,
      "f1-score": 0.9435578894534389,
      "support": 3000.0
    }
  }
}