{"train/global_step":20000,"eval/recall":0.9383333333333334,"eval/accuracy":0.9383333333333334,"total_flos":8.416547573710848e+16,"eval/samples_per_second":317.037,"_step":2017,"eval/f1_macro":0.9366464057742057,"train_runtime":5975.6353,"_runtime":5986.988597729,"train/loss":0,"eval/steps_per_second":9.934,"train/grad_norm":0.00018856805399991572,"train/epoch":15.232292460015232,"_wandb":{"runtime":5988},"eval/f1_weighted":0.9379615647994017,"eval/runtime":9.4626,"train_loss":0.06136987522583913,"train/learning_rate":2.564102564102564e-09,"_timestamp":1.7553096525491104e+09,"eval/loss":0.4892752766609192,"eval/precision":0.9401783217754083,"eval/f1_micro":0.9383333333333334,"train_samples_per_second":107.102,"train_steps_per_second":3.347}