{
  "model_path": "saved_model/visobert",
  "data_path": "data/test.csv",
  "test_size": 3000,
  "evaluation_results": {
    "f1_macro": 0.9096691918262996,
    "f1_micro": 0.9133333333333333,
    "f1_weighted": 0.913811050519231,
    "precision": 0.9155868878922787,
    "recall": 0.9133333333333333,
    "accuracy": 0.9133333333333333
  },
  "per_class_results": {
    "0": {
      "precision": 0.8229813664596274,
      "recall": 0.8833333333333333,
      "f1-score": 0.8520900321543409,
      "support": 600.0
    },
    "1": {
      "precision": 0.9814356435643564,
      "recall": 0.9670731707317073,
      "f1-score": 0.9742014742014742,
      "support": 820.0
    },
    "2": {
      "precision": 0.9367088607594937,
      "recall": 0.8705882352941177,
      "f1-score": 0.9024390243902439,
      "support": 850.0
    },
    "3": {
      "precision": 0.8931398416886543,
      "recall": 0.9273972602739726,
      "f1-score": 0.9099462365591398,
      "support": 730.0
    },
    "accuracy": 0.9133333333333333,
    "macro avg": {
      "precision": 0.908566428118033,
      "recall": 0.9120979999082827,
      "f1-score": 0.9096691918262996,
      "support": 3000.0
    },
    "weighted avg": {
      "precision": 0.9155868878922787,
      "recall": 0.9133333333333333,
      "f1-score": 0.913811050519231,
      "support": 3000.0
    }
  }
}