{
  "model_path": "saved_model/visobert",
  "data_path": "data/test.csv",
  "test_size": 3000,
  "evaluation_results": {
    "f1_macro": 0.9366464057742057,
    "f1_micro": 0.9383333333333334,
    "f1_weighted": 0.9379615647994017,
    "precision": 0.9401783217754083,
    "recall": 0.9383333333333334,
    "accuracy": 0.9383333333333334
  },
  "per_class_results": {
    "0": {
      "precision": 0.9271186440677966,
      "recall": 0.9116666666666666,
      "f1-score": 0.9193277310924369,
      "support": 600.0
    },
    "1": {
      "precision": 0.9633569739952719,
      "recall": 0.9939024390243902,
      "f1-score": 0.978391356542617,
      "support": 820.0
    },
    "2": {
      "precision": 0.9712041884816754,
      "recall": 0.8729411764705882,
      "f1-score": 0.919454770755886,
      "support": 850.0
    },
    "3": {
      "precision": 0.88875,
      "recall": 0.9739726027397261,
      "f1-score": 0.9294117647058824,
      "support": 730.0
    },
    "accuracy": 0.9383333333333334,
    "macro avg": {
      "precision": 0.937607451636186,
      "recall": 0.9381207212253427,
      "f1-score": 0.9366464057742057,
      "support": 3000.0
    },
    "weighted avg": {
      "precision": 0.9401783217754083,
      "recall": 0.9383333333333334,
      "f1-score": 0.9379615647994017,
      "support": 3000.0
    }
  }
}