{"train/global_step":20000,"eval/accuracy":0.931,"eval/samples_per_second":173.177,"_runtime":5928.102365851,"train_samples_per_second":54.155,"train/epoch":7.619047619047619,"eval/f1_macro":0.9286461895229947,"eval/runtime":17.3233,"total_flos":4.209927979008e+16,"eval/f1_micro":0.931,"train/learning_rate":2.564102564102564e-09,"train/loss":0.0427,"eval/precision":0.9325563857764269,"_step":2009,"train_loss":0.26045586835904977,"train_steps_per_second":3.385,"_timestamp":1.755335322003644e+09,"eval/loss":0.35697290301322937,"eval/f1_weighted":0.930887793580985,"train/grad_norm":0.13603000342845917,"eval/recall":0.931,"eval/steps_per_second":10.852,"train_runtime":5908.9854,"_wandb":{"runtime":5930}}