{
  "model_path": "saved_model/phobert-base",
  "data_path": "data/test.csv",
  "test_size": 3000,
  "evaluation_results": {
    "f1_macro": 0.9072570068649637,
    "f1_micro": 0.9106666666666666,
    "f1_weighted": 0.9102298975326162,
    "precision": 0.9143762644151614,
    "recall": 0.9106666666666666,
    "accuracy": 0.9106666666666666
  },
  "per_class_results": {
    "0": {
      "precision": 0.823170731707317,
      "recall": 0.9,
      "f1-score": 0.8598726114649682,
      "support": 600.0
    },
    "1": {
      "precision": 0.928246013667426,
      "recall": 0.9939024390243902,
      "f1-score": 0.9599528857479388,
      "support": 820.0
    },
    "2": {
      "precision": 0.9682320441988951,
      "recall": 0.8247058823529412,
      "f1-score": 0.8907242693773825,
      "support": 850.0
    },
    "3": {
      "precision": 0.9110512129380054,
      "recall": 0.9260273972602739,
      "f1-score": 0.9184782608695652,
      "support": 730.0
    },
    "accuracy": 0.9106666666666666,
    "macro avg": {
      "precision": 0.907675000627911,
      "recall": 0.9111589296594014,
      "f1-score": 0.9072570068649637,
      "support": 3000.0
    },
    "weighted avg": {
      "precision": 0.9143762644151614,
      "recall": 0.9106666666666666,
      "f1-score": 0.9102298975326162,
      "support": 3000.0
    }
  }
}