{
  "model_path": "saved_model/phobert-base",
  "data_path": "data/test.csv",
  "test_size": 3000,
  "evaluation_results": {
    "f1_macro": 0.8512312247810061,
    "f1_micro": 0.8643333333333333,
    "f1_weighted": 0.8610513203630985,
    "precision": 0.8710688776720809,
    "recall": 0.8643333333333333,
    "accuracy": 0.8643333333333333
  },
  "per_class_results": {
    "0": {
      "precision": 0.8752941176470588,
      "recall": 0.62,
      "f1-score": 0.7258536585365853,
      "support": 600.0
    },
    "1": {
      "precision": 0.9591584158415841,
      "recall": 0.9451219512195121,
      "f1-score": 0.952088452088452,
      "support": 820.0
    },
    "2": {
      "precision": 0.8765859284890427,
      "recall": 0.8941176470588236,
      "f1-score": 0.885264997087944,
      "support": 850.0
    },
    "3": {
      "precision": 0.7622222222222222,
      "recall": 0.9397260273972603,
      "f1-score": 0.841717791411043,
      "support": 730.0
    },
    "accuracy": 0.8643333333333333,
    "macro avg": {
      "precision": 0.868315171049977,
      "recall": 0.849741406418899,
      "f1-score": 0.8512312247810061,
      "support": 3000.0
    },
    "weighted avg": {
      "precision": 0.8710688776720809,
      "recall": 0.8643333333333333,
      "f1-score": 0.8610513203630985,
      "support": 3000.0
    }
  }
}