{
  "model_path": "saved_model/phobert-base",
  "data_path": "data/test.csv",
  "test_size": 3000,
  "evaluation_results": {
    "f1_macro": 0.9350335900814173,
    "f1_micro": 0.937,
    "f1_weighted": 0.9367931181024977,
    "precision": 0.938195341476027,
    "recall": 0.937,
    "accuracy": 0.937
  },
  "per_class_results": {
    "0": {
      "precision": 0.8901273885350318,
      "recall": 0.9316666666666666,
      "f1-score": 0.9104234527687296,
      "support": 600.0
    },
    "1": {
      "precision": 0.9586776859504132,
      "recall": 0.9902439024390244,
      "f1-score": 0.9742051589682064,
      "support": 820.0
    },
    "2": {
      "precision": 0.9689521345407504,
      "recall": 0.8811764705882353,
      "f1-score": 0.9229821318545902,
      "support": 850.0
    },
    "3": {
      "precision": 0.9188829787234043,
      "recall": 0.9465753424657535,
      "f1-score": 0.9325236167341431,
      "support": 730.0
    },
    "accuracy": 0.937,
    "macro avg": {
      "precision": 0.9341600469373998,
      "recall": 0.9374155955399199,
      "f1-score": 0.9350335900814173,
      "support": 3000.0
    },
    "weighted avg": {
      "precision": 0.938195341476027,
      "recall": 0.937,
      "f1-score": 0.9367931181024977,
      "support": 3000.0
    }
  }
}