{"train_steps_per_second":5.289,"eval/runtime":6.5646,"train/epoch":15.232292460015232,"eval/recall":0.9373333333333334,"eval/steps_per_second":14.319,"total_flos":4.237518283063296e+16,"eval/loss":0.45776277780532837,"_timestamp":1.7552835296505237e+09,"_runtime":3789.773724114,"train_runtime":3781.2856,"eval/f1_macro":0.9350197077151472,"_step":2017,"train/grad_norm":0.004704311955720186,"train_loss":0.07847866053460294,"train/learning_rate":2.564102564102564e-09,"eval/accuracy":0.9373333333333334,"train/loss":0,"train/global_step":20000,"eval/f1_weighted":0.9373521061428014,"train_samples_per_second":169.255,"_wandb":{"runtime":3791},"eval/f1_micro":0.9373333333333334,"eval/precision":0.9400467361472888,"eval/samples_per_second":456.996}