{"train_steps_per_second":3.268,"train_loss":0.06848635003698655,"train/learning_rate":2.564102564102564e-09,"_wandb":{"runtime":6133},"eval/f1_weighted":0.9367931181024977,"eval/loss":0.6631014943122864,"train/grad_norm":0.009416310116648674,"_runtime":6131.688847358,"eval/f1_micro":0.937,"eval/steps_per_second":10.04,"train/loss":0,"_timestamp":1.7552797155880144e+09,"total_flos":8.416547573710848e+16,"eval/precision":0.938195341476027,"eval/samples_per_second":320.414,"eval/runtime":9.3629,"train_runtime":6119.9151,"train_samples_per_second":104.577,"eval/accuracy":0.937,"train/epoch":15.232292460015232,"eval/f1_macro":0.9350335900814173,"train/global_step":20000,"eval/recall":0.937,"_step":2017}