{
  "model_path": "saved_model/electra-base-vn",
  "data_path": "data/test.csv",
  "test_size": 3000,
  "evaluation_results": {
    "f1_macro": 0.8711703336982246,
    "f1_micro": 0.882,
    "f1_weighted": 0.879639642012348,
    "precision": 0.8827053833103042,
    "recall": 0.882,
    "accuracy": 0.882
  },
  "per_class_results": {
    "0": {
      "precision": 0.8538622129436325,
      "recall": 0.6816666666666666,
      "f1-score": 0.758109360518999,
      "support": 600.0
    },
    "1": {
      "precision": 0.9695493300852619,
      "recall": 0.9707317073170731,
      "f1-score": 0.9701401584399756,
      "support": 820.0
    },
    "2": {
      "precision": 0.8706015891032917,
      "recall": 0.9023529411764706,
      "f1-score": 0.8861929520508377,
      "support": 850.0
    },
    "3": {
      "precision": 0.8229548229548229,
      "recall": 0.9232876712328767,
      "f1-score": 0.8702388637830859,
      "support": 730.0
    },
    "accuracy": 0.882,
    "macro avg": {
      "precision": 0.8792419887717522,
      "recall": 0.8695097465982717,
      "f1-score": 0.8711703336982246,
      "support": 3000.0
    },
    "weighted avg": {
      "precision": 0.8827053833103042,
      "recall": 0.882,
      "f1-score": 0.879639642012348,
      "support": 3000.0
    }
  }
}