{
  "model_path": "saved_model/electra-base-vn",
  "data_path": "data/test.csv",
  "test_size": 3000,
  "evaluation_results": {
    "f1_macro": 0.9188762979800134,
    "f1_micro": 0.9213333333333333,
    "f1_weighted": 0.9211631492551081,
    "precision": 0.9281948903390792,
    "recall": 0.9213333333333333,
    "accuracy": 0.9213333333333333
  },
  "per_class_results": {
    "0": {
      "precision": 0.8141843971631205,
      "recall": 0.9566666666666667,
      "f1-score": 0.8796934865900383,
      "support": 600.0
    },
    "1": {
      "precision": 0.9829059829059829,
      "recall": 0.9817073170731707,
      "f1-score": 0.9823062843197071,
      "support": 820.0
    },
    "2": {
      "precision": 0.9786628733997155,
      "recall": 0.8094117647058824,
      "f1-score": 0.8860270444301352,
      "support": 850.0
    },
    "3": {
      "precision": 0.9016817593790427,
      "recall": 0.9547945205479452,
      "f1-score": 0.927478376580173,
      "support": 730.0
    },
    "accuracy": 0.9213333333333333,
    "macro avg": {
      "precision": 0.9193587532119654,
      "recall": 0.9256450672484163,
      "f1-score": 0.9188762979800134,
      "support": 3000.0
    },
    "weighted avg": {
      "precision": 0.9281948903390792,
      "recall": 0.9213333333333333,
      "f1-score": 0.9211631492551081,
      "support": 3000.0
    }
  }
}