{
  "model_path": "saved_model/electra-base-vn",
  "data_path": "data/test.csv",
  "test_size": 3000,
  "evaluation_results": {
    "f1_macro": 0.9447633763513629,
    "f1_micro": 0.9466666666666667,
    "f1_weighted": 0.9464054645145594,
    "precision": 0.9471148625283415,
    "recall": 0.9466666666666667,
    "accuracy": 0.9466666666666667
  },
  "per_class_results": {
    "0": {
      "precision": 0.9393414211438474,
      "recall": 0.9033333333333333,
      "f1-score": 0.9209855564995751,
      "support": 600.0
    },
    "1": {
      "precision": 0.9748201438848921,
      "recall": 0.9914634146341463,
      "f1-score": 0.9830713422007256,
      "support": 820.0
    },
    "2": {
      "precision": 0.9543209876543209,
      "recall": 0.9094117647058824,
      "f1-score": 0.9313253012048193,
      "support": 850.0
    },
    "3": {
      "precision": 0.9139922978177151,
      "recall": 0.9753424657534246,
      "f1-score": 0.9436713055003313,
      "support": 730.0
    },
    "accuracy": 0.9466666666666667,
    "macro avg": {
      "precision": 0.9456187126251938,
      "recall": 0.9448877446066967,
      "f1-score": 0.9447633763513629,
      "support": 3000.0
    },
    "weighted avg": {
      "precision": 0.9471148625283415,
      "recall": 0.9466666666666667,
      "f1-score": 0.9464054645145594,
      "support": 3000.0
    }
  }
}