{
  "model_path": "saved_model/videberta-base",
  "data_path": "data/test.csv",
  "test_size": 3000,
  "evaluation_results": {
    "f1_macro": 0.9076878489178732,
    "f1_micro": 0.9113333333333333,
    "f1_weighted": 0.9114507927094317,
    "precision": 0.9141783477239287,
    "recall": 0.9113333333333333,
    "accuracy": 0.9113333333333333
  },
  "per_class_results": {
    "0": {
      "precision": 0.8408360128617364,
      "recall": 0.8716666666666667,
      "f1-score": 0.855973813420622,
      "support": 600.0
    },
    "1": {
      "precision": 0.9778869778869779,
      "recall": 0.9707317073170731,
      "f1-score": 0.9742962056303549,
      "support": 820.0
    },
    "2": {
      "precision": 0.94750656167979,
      "recall": 0.8494117647058823,
      "f1-score": 0.8957816377171216,
      "support": 850.0
    },
    "3": {
      "precision": 0.8640897755610972,
      "recall": 0.9493150684931507,
      "f1-score": 0.9046997389033943,
      "support": 730.0
    },
    "accuracy": 0.9113333333333333,
    "macro avg": {
      "precision": 0.9075798319974004,
      "recall": 0.9102813017956931,
      "f1-score": 0.9076878489178732,
      "support": 3000.0
    },
    "weighted avg": {
      "precision": 0.9141783477239287,
      "recall": 0.9113333333333333,
      "f1-score": 0.9114507927094317,
      "support": 3000.0
    }
  }
}