{
  "model_path": "saved_model/videberta-base",
  "data_path": "data/test.csv",
  "test_size": 3000,
  "evaluation_results": {
    "f1_macro": 0.8246541158240641,
    "f1_micro": 0.838,
    "f1_weighted": 0.8348898629219306,
    "precision": 0.8414246966576853,
    "recall": 0.838,
    "accuracy": 0.838
  },
  "per_class_results": {
    "0": {
      "precision": 0.770042194092827,
      "recall": 0.6083333333333333,
      "f1-score": 0.6797020484171322,
      "support": 600.0
    },
    "1": {
      "precision": 0.9525,
      "recall": 0.9292682926829269,
      "f1-score": 0.9407407407407408,
      "support": 820.0
    },
    "2": {
      "precision": 0.8587360594795539,
      "recall": 0.8152941176470588,
      "f1-score": 0.8364514182257091,
      "support": 850.0
    },
    "3": {
      "precision": 0.7551686615886833,
      "recall": 0.9506849315068493,
      "f1-score": 0.8417222559126744,
      "support": 730.0
    },
    "accuracy": 0.838,
    "macro avg": {
      "precision": 0.8341117287902661,
      "recall": 0.8258951687925421,
      "f1-score": 0.8246541158240641,
      "support": 3000.0
    },
    "weighted avg": {
      "precision": 0.8414246966576853,
      "recall": 0.838,
      "f1-score": 0.8348898629219306,
      "support": 3000.0
    }
  }
}