{
  "model_path": "saved_model/videberta-base",
  "data_path": "data/test.csv",
  "test_size": 3000,
  "evaluation_results": {
    "f1_macro": 0.9286461895229947,
    "f1_micro": 0.931,
    "f1_weighted": 0.930887793580985,
    "precision": 0.9325563857764269,
    "recall": 0.931,
    "accuracy": 0.931
  },
  "per_class_results": {
    "0": {
      "precision": 0.863849765258216,
      "recall": 0.92,
      "f1-score": 0.8910411622276029,
      "support": 600.0
    },
    "1": {
      "precision": 0.9651022864019254,
      "recall": 0.9780487804878049,
      "f1-score": 0.9715324046032707,
      "support": 820.0
    },
    "2": {
      "precision": 0.9584954604409858,
      "recall": 0.8694117647058823,
      "f1-score": 0.9117828500925355,
      "support": 850.0
    },
    "3": {
      "precision": 0.922266139657444,
      "recall": 0.958904109589041,
      "f1-score": 0.9402283411685695,
      "support": 730.0
    },
    "accuracy": 0.931,
    "macro avg": {
      "precision": 0.9274284129396427,
      "recall": 0.9315911636956821,
      "f1-score": 0.9286461895229947,
      "support": 3000.0
    },
    "weighted avg": {
      "precision": 0.9325563857764269,
      "recall": 0.931,
      "f1-score": 0.930887793580985,
      "support": 3000.0
    }
  }
}