{"train/loss":0,"eval/runtime":6.6843,"total_flos":4.237518283063296e+16,"_timestamp":1.7553393541989942e+09,"eval/f1_weighted":0.9386484615729328,"_step":2017,"train/global_step":20000,"_wandb":{"runtime":3808},"eval/loss":0.31604161858558655,"eval/f1_macro":0.9365531555096032,"eval/steps_per_second":14.063,"train/epoch":15.232292460015232,"eval/precision":0.9411240349012687,"train/learning_rate":2.564102564102564e-09,"train_samples_per_second":168.578,"eval/accuracy":0.9386666666666666,"train_loss":0.07815751548774551,"train_steps_per_second":5.268,"eval/recall":0.9386666666666666,"train_runtime":3796.4521,"eval/f1_micro":0.9386666666666666,"eval/samples_per_second":448.812,"train/grad_norm":0.00021733420726377517,"_runtime":3805.435691427}