{
  "model_path": "saved_model/distilbert-base-multilingual-cased",
  "data_path": "data/test.csv",
  "test_size": 3000,
  "evaluation_results": {
    "f1_macro": 0.862452525743768,
    "f1_micro": 0.8736666666666667,
    "f1_weighted": 0.871201608035645,
    "precision": 0.8774135956188318,
    "recall": 0.8736666666666667,
    "accuracy": 0.8736666666666667
  },
  "per_class_results": {
    "0": {
      "precision": 0.8453389830508474,
      "recall": 0.665,
      "f1-score": 0.7444029850746269,
      "support": 600.0
    },
    "1": {
      "precision": 0.967032967032967,
      "recall": 0.9658536585365853,
      "f1-score": 0.9664429530201343,
      "support": 820.0
    },
    "2": {
      "precision": 0.8924205378973105,
      "recall": 0.8588235294117647,
      "f1-score": 0.8752997601918465,
      "support": 850.0
    },
    "3": {
      "precision": 0.7856341189674523,
      "recall": 0.958904109589041,
      "f1-score": 0.863664404688464,
      "support": 730.0
    },
    "accuracy": 0.8736666666666667,
    "macro avg": {
      "precision": 0.8726066517371444,
      "recall": 0.8621453243843478,
      "f1-score": 0.862452525743768,
      "support": 3000.0
    },
    "weighted avg": {
      "precision": 0.8774135956188318,
      "recall": 0.8736666666666667,
      "f1-score": 0.871201608035645,
      "support": 3000.0
    }
  }
}