{
  "model_path": "saved_model_2/distilbert-base-multilingual-cased",
  "data_path": "data/test.csv",
  "test_size": 3000,
  "evaluation_results": {
    "f1_macro": 0.8956187384396056,
    "f1_micro": 0.8983333333333333,
    "f1_weighted": 0.9008170983620485,
    "precision": 0.9111362954728234,
    "recall": 0.8983333333333333,
    "accuracy": 0.8983333333333333
  },
  "per_class_results": {
    "0": {
      "precision": 0.7265625,
      "recall": 0.93,
      "f1-score": 0.8157894736842105,
      "support": 600.0
    },
    "1": {
      "precision": 0.9885786802030457,
      "recall": 0.95,
      "f1-score": 0.9689054726368159,
      "support": 820.0
    },
    "2": {
      "precision": 0.9512195121951219,
      "recall": 0.8258823529411765,
      "f1-score": 0.8841309823677582,
      "support": 850.0
    },
    "3": {
      "precision": 0.9291784702549575,
      "recall": 0.8986301369863013,
      "f1-score": 0.9136490250696379,
      "support": 730.0
    },
    "accuracy": 0.8983333333333333,
    "macro avg": {
      "precision": 0.8988847906632813,
      "recall": 0.9011281224818695,
      "f1-score": 0.8956187384396056,
      "support": 3000.0
    },
    "weighted avg": {
      "precision": 0.9111362954728234,
      "recall": 0.8983333333333333,
      "f1-score": 0.9008170983620485,
      "support": 3000.0
    }
  }
}