{
  "model_path": "saved_model/distilbert-base-multilingual-cased",
  "data_path": "data/test.csv",
  "test_size": 3000,
  "evaluation_results": {
    "f1_macro": 0.9365531555096032,
    "f1_micro": 0.9386666666666666,
    "f1_weighted": 0.9386484615729328,
    "precision": 0.9411240349012687,
    "recall": 0.9386666666666666,
    "accuracy": 0.9386666666666666
  },
  "per_class_results": {
    "0": {
      "precision": 0.8601503759398497,
      "recall": 0.9533333333333334,
      "f1-score": 0.9043478260869565,
      "support": 600.0
    },
    "1": {
      "precision": 0.9678953626634959,
      "recall": 0.9926829268292683,
      "f1-score": 0.9801324503311258,
      "support": 820.0
    },
    "2": {
      "precision": 0.9725490196078431,
      "recall": 0.8752941176470588,
      "f1-score": 0.9213622291021671,
      "support": 850.0
    },
    "3": {
      "precision": 0.9410150891632373,
      "recall": 0.9397260273972603,
      "f1-score": 0.9403701165181632,
      "support": 730.0
    },
    "accuracy": 0.9386666666666666,
    "macro avg": {
      "precision": 0.9354024618436065,
      "recall": 0.9402591013017302,
      "f1-score": 0.9365531555096032,
      "support": 3000.0
    },
    "weighted avg": {
      "precision": 0.9411240349012687,
      "recall": 0.9386666666666666,
      "f1-score": 0.9386484615729328,
      "support": 3000.0
    }
  }
}