{"_timestamp":1.7552901545026422e+09,"train/epoch":15.232292460015232,"train_runtime":6585.1753,"train_loss":0.08479016650752019,"eval/f1_macro":0.9413935910689386,"eval/f1_micro":0.9436666666666667,"eval/samples_per_second":277.888,"train/grad_norm":0.00033334147883579135,"eval/f1_weighted":0.9435578894534389,"_runtime":6600.081549308,"eval/accuracy":0.9436666666666667,"eval/loss":0.24442526698112488,"total_flos":8.416547573710848e+16,"eval/precision":0.9444463292697002,"_wandb":{"runtime":6601},"eval/runtime":10.7957,"eval/recall":0.9436666666666667,"_step":2017,"eval/steps_per_second":8.707,"train_samples_per_second":97.188,"train/global_step":20000,"train/learning_rate":2.564102564102564e-09,"train/loss":0,"train_steps_per_second":3.037}