{
  "model_path": "saved_model/roberta-base",
  "data_path": "data/test.csv",
  "test_size": 3000,
  "evaluation_results": {
    "f1_macro": 0.8891135177478108,
    "f1_micro": 0.8933333333333333,
    "f1_weighted": 0.8936390016402688,
    "precision": 0.8955520835182621,
    "recall": 0.8933333333333333,
    "accuracy": 0.8933333333333333
  },
  "per_class_results": {
    "0": {
      "precision": 0.7838660578386606,
      "recall": 0.8583333333333333,
      "f1-score": 0.8194112967382657,
      "support": 600.0
    },
    "1": {
      "precision": 0.9590361445783132,
      "recall": 0.9707317073170731,
      "f1-score": 0.9648484848484848,
      "support": 820.0
    },
    "2": {
      "precision": 0.908974358974359,
      "recall": 0.8341176470588235,
      "f1-score": 0.8699386503067484,
      "support": 850.0
    },
    "3": {
      "precision": 0.9004092769440655,
      "recall": 0.9041095890410958,
      "f1-score": 0.9022556390977443,
      "support": 730.0
    },
    "accuracy": 0.8933333333333333,
    "macro avg": {
      "precision": 0.8880714595838495,
      "recall": 0.8918230691875815,
      "f1-score": 0.8891135177478108,
      "support": 3000.0
    },
    "weighted avg": {
      "precision": 0.8955520835182621,
      "recall": 0.8933333333333333,
      "f1-score": 0.8936390016402688,
      "support": 3000.0
    }
  }
}