{
  "model_path": "saved_model/roberta-base",
  "data_path": "data/test.csv",
  "test_size": 3000,
  "evaluation_results": {
    "f1_macro": 0.7837926611423582,
    "f1_micro": 0.803,
    "f1_weighted": 0.7956428566461614,
    "precision": 0.8075833117263379,
    "recall": 0.803,
    "accuracy": 0.803
  },
  "per_class_results": {
    "0": {
      "precision": 0.762962962962963,
      "recall": 0.515,
      "f1-score": 0.6149253731343284,
      "support": 600.0
    },
    "1": {
      "precision": 0.8794084186575654,
      "recall": 0.9426829268292682,
      "f1-score": 0.9099470276633314,
      "support": 820.0
    },
    "2": {
      "precision": 0.8529801324503311,
      "recall": 0.7576470588235295,
      "f1-score": 0.8024922118380062,
      "support": 850.0
    },
    "3": {
      "precision": 0.7107180020811654,
      "recall": 0.9356164383561644,
      "f1-score": 0.807806031933767,
      "support": 730.0
    },
    "accuracy": 0.803,
    "macro avg": {
      "precision": 0.8015173790380062,
      "recall": 0.7877366060022405,
      "f1-score": 0.7837926611423582,
      "support": 3000.0
    },
    "weighted avg": {
      "precision": 0.8075833117263379,
      "recall": 0.803,
      "f1-score": 0.7956428566461614,
      "support": 3000.0
    }
  }
}