{"total_flos":8.416547573710848e+16,"_wandb":{"runtime":6116},"train_loss":0.1961309103328269,"eval/runtime":9.3535,"eval/f1_macro":0.9148351409437917,"eval/loss":0.3545759618282318,"train/epoch":15.232292460015232,"eval/f1_weighted":0.9179552980912552,"train_runtime":6102.6278,"eval/f1_micro":0.918,"train_samples_per_second":104.873,"eval/steps_per_second":10.05,"eval/recall":0.918,"_step":2017,"_runtime":6115.001848572,"eval/accuracy":0.918,"train_steps_per_second":3.277,"train/loss":0.0005,"train/global_step":20000,"eval/precision":0.919700016824542,"train/grad_norm":0.03320387005805969,"_timestamp":1.7552962960138075e+09,"eval/samples_per_second":320.736,"train/learning_rate":2.564102564102564e-09}