{"total_flos":8.406443927755162e+16,"eval/precision":0.8827053833103042,"train/global_step":20000,"_step":2065,"_wandb":{"runtime":8131},"eval/f1_micro":0.882,"train_loss":0.03703779491367768,"_timestamp":1.7555930842413237e+09,"eval/f1_macro":0.8711703336982246,"_runtime":8130.466423521,"eval/accuracy":0.882,"train/loss":0,"train/grad_norm":5.0656199164222926e-05,"eval/runtime":12.5642,"eval/steps_per_second":7.482,"train_runtime":8115.5885,"train/epoch":63.89776357827476,"eval/f1_weighted":0.879639642012348,"eval/samples_per_second":238.774,"train_steps_per_second":2.464,"train_samples_per_second":78.861,"eval/loss":0.9805620908737183,"train/learning_rate":2.564102564102564e-09,"eval/recall":0.882}