{"eval/f1_micro":0.9466666666666667,"total_flos":8.416547573710848e+16,"train/grad_norm":0.0001062786323018372,"_runtime":7288.808353604,"_step":2017,"train/loss":0,"train/learning_rate":2.564102564102564e-09,"eval/samples_per_second":236.355,"eval/f1_macro":0.9447633763513629,"eval/recall":0.9466666666666667,"eval/steps_per_second":7.406,"train/global_step":20000,"eval/accuracy":0.9466666666666667,"train_steps_per_second":2.75,"eval/runtime":12.6928,"train_runtime":7273.8728,"eval/precision":0.9471148625283415,"train_samples_per_second":87.986,"eval/f1_weighted":0.9464054645145594,"_wandb":{"runtime":7290},"eval/loss":0.4309712052345276,"_timestamp":1.7553036111457577e+09,"train/epoch":15.232292460015232,"train_loss":0.06240186730680489}